<?xml version="1.0" encoding="UTF-8"?>
<metadata modelVersion="1.1.0">
  <groupId>org.wso2.af</groupId>
  <artifactId>app2</artifactId>
  <version>default-SNAPSHOT</version>
  <versioning>
    <snapshot>
      <localCopy>true</localCopy>
    </snapshot>
    <lastUpdated>20140529031410</lastUpdated>
    <snapshotVersions>
      <snapshotVersion>
        <extension>war</extension>
        <value>default-SNAPSHOT</value>
        <updated>20140529031410</updated>
      </snapshotVersion>
      <snapshotVersion>
        <extension>pom</extension>
        <value>default-SNAPSHOT</value>
        <updated>20140529031410</updated>
      </snapshotVersion>
    </snapshotVersions>
  </versioning>
</metadata>
