<?xml version="1.0" encoding="UTF-8"?>
<metadata modelVersion="1.1.0">
  <groupId>org.wso2.af</groupId>
  <artifactId>jagapp</artifactId>
  <version>default-SNAPSHOT</version>
  <versioning>
    <snapshot>
      <localCopy>true</localCopy>
    </snapshot>
    <lastUpdated>20141016144227</lastUpdated>
    <snapshotVersions>
      <snapshotVersion>
        <extension>zip</extension>
        <value>default-SNAPSHOT</value>
        <updated>20141016144227</updated>
      </snapshotVersion>
      <snapshotVersion>
        <extension>pom</extension>
        <value>default-SNAPSHOT</value>
        <updated>20141016144227</updated>
      </snapshotVersion>
    </snapshotVersions>
  </versioning>
</metadata>
